{
	"info": {
		"_postman_id": "440261c1-9031-4ac5-a0c8-44bca47e617e",
		"name": "Create Products and Stories",
		"schema": "https://schema.getpostman.com/json/collection/v2.1.0/collection.json"
	},
	"item": [
		{
			"name": "Get products to warmup system",
			"event": [
				{
					"listen": "test",
					"script": {
						"id": "d68326a7-9369-4ead-9f78-7e590e63b022",
						"exec": [
							"pm.test('Check for 200 response code', () => {",
							"    pm.expect(pm.response.code).to.eql(200);",
							"    pm.expect(pm.response.status).to.eql('OK');",
							"});"
						],
						"type": "text/javascript"
					}
				}
			],
			"request": {
				"method": "GET",
				"header": [
					{
						"key": "Accept",
						"value": "application/json"
					},
					{
						"key": "Content-Type",
						"value": "application/json",
						"disabled": true
					}
				],
				"url": {
					"raw": "https://{{host}}/content/products/",
					"protocol": "https",
					"host": [
						"{{host}}"
					],
					"path": [
						"content",
						"products",
						""
					]
				}
			},
			"response": []
		},
		{
			"name": "Create products",
			"event": [
				{
					"listen": "test",
					"script": {
						"id": "d68326a7-9369-4ead-9f78-7e590e63b022",
						"exec": [
							"pm.test('Check for 200 response code', () => {",
							"    pm.expect(pm.response.code).to.eql(200);",
							"    pm.expect(pm.response.status).to.eql('OK');",
							"});"
						],
						"type": "text/javascript"
					}
				},
				{
					"listen": "prerequest",
					"script": {
						"id": "5a9e408a-e8b7-4c51-83d5-4edaa11dda46",
						"exec": [
							"var moment = require('moment');",
							"",
							"pm.sendRequest({",
							"    url: 'http://localhost:9898/greenhouseproducts.json',",
							"    method: 'GET',",
							"}, function(err, res) {",
							"    var idForStories = [];",
							"    res.json().forEach((product, index) => {",
							"        var requestBody = {",
							"                sku: product.id,",
							"                cpid: product.id,",
							"                name: product.name,",
							"                nickName: product.name,",
							"                style: product.style,",
							"                brand: product.brandName,",
							"                gender: product.gender,",
							"                category: product.category,",
							"                price: _.random(1020.99, true).toFixed(2),",
							"                currencyType: \"USD\",",
							"                countDownDate: moment().subtract(_.random(9, 12), 'days'),",
							"                productStyleKey: 12345,",
							"                color: \"Black Gray White\",",
							"                primaryColor: \"Black\",",
							"                secondaryColor: \"Gray\",",
							"                launchDate: moment().add(_.random(10, 45), 'days'),",
							"                publishDate: moment().subtract(_.random(4, 8), 'days'),",
							"                expireDate: moment().add(_.random(235, 260), 'days'),",
							"                productMainImageUrl: product.image[0],",
							"                productImageUrls: product.image,",
							"                backgroundColor: product.backgroundColor ? product.backgroundColor : _.sample(['#F2F4F2', '#D7D89F', '#AFB5C3', '#D2B8C3', '#EE9A2D', '#FEF9E7', '#EEC333']),",
							"                cellType: 'Full',",
							"                backgroundImageUrl: '',",
							"                titleInApp: _.sample(['Name', 'Nickname']),",
							"                theme: _.sample(['light', 'dark']),",
							"                isInventoryAvailable: true, //_.sample([true, false]),",
							"                isIncludeLaunchDateInPreview: _.sample([true, false]),",
							"                isPublished: true, //_.sample([true, false]),",
							"                isBrandDisplayedInApp: _.sample([true, false]),",
							"                isGenderDisplayedInApp: _.sample([true, false]),",
							"                isCategoryDisplayedInApp: _.sample([true, false]),",
							"                isSkuDisplayedInApp: _.sample([true, false]),",
							"                description: product.description,",
							"                sellableUnits: [{",
							"                    sellableUnitId: _.random(10000000, 99999999).toString(),",
							"                    size: \"M\",",
							"                    priceOverride: null,",
							"                    tag: \"V1.0.0\"",
							"                }],",
							"                createdBy: \"shah@ascendum.com\",",
							"                updatedBy: \"shah@ascendum.com\",",
							"                type: 'product',",
							"                tag: 'V0.1.0',",
							"                publishedStories: [{",
							"                    title: \"FILA\",",
							"                    subtitle: \"FILA Serves Up a Stunning New Capsule Just in Time for the U.S. Open\",",
							"                    imageUrl: \"https://greenhousefileshare.z20.web.core.windows.net/fila_story_1.jpg\",",
							"                    isPublished: true,",
							"                    theme: \"light\",",
							"                    backgroundColor: \"#EEC333\"",
							"                }]",
							"            }",
							"            //console.log(requestBody);",
							"        setTimeout(() => {",
							"            pm.sendRequest({",
							"                url: 'https://' + pm.environment.get('host') + '/content/authoring/products',",
							"                method: 'POST',",
							"                header: {",
							"                    'Accept': 'application/json',",
							"                },",
							"                body: {",
							"                    mode: 'raw',",
							"                    raw: JSON.stringify(requestBody)",
							"                }",
							"            }, function(err, res) {",
							"                idForStories.push({",
							"                    id: res.json().data.id,",
							"                    story: product.story",
							"                });",
							"                // console.log(err ? err : res.json());",
							"            });",
							"        }, 1000 * index);",
							"        pm.environment.set('idForStories', idForStories);",
							"    });",
							"",
							"});"
						],
						"type": "text/javascript"
					}
				}
			],
			"protocolProfileBehavior": {
				"disableBodyPruning": true
			},
			"request": {
				"method": "GET",
				"header": [
					{
						"key": "Accept",
						"value": "application/json"
					},
					{
						"key": "Content-Type",
						"value": "application/json",
						"disabled": true
					}
				],
				"body": {
					"mode": "raw",
					"raw": "{{requestBody}}"
				},
				"url": {
					"raw": "https://{{host}}/content/authoring/products/",
					"protocol": "https",
					"host": [
						"{{host}}"
					],
					"path": [
						"content",
						"authoring",
						"products",
						""
					]
				}
			},
			"response": []
		},
		{
			"name": "Create stories",
			"event": [
				{
					"listen": "test",
					"script": {
						"id": "d68326a7-9369-4ead-9f78-7e590e63b022",
						"exec": [
							"pm.test('Check for 200 response code', () => {",
							"    pm.expect(pm.response.code).to.eql(200);",
							"    pm.expect(pm.response.status).to.eql('OK');",
							"});"
						],
						"type": "text/javascript"
					}
				},
				{
					"listen": "prerequest",
					"script": {
						"id": "5a9e408a-e8b7-4c51-83d5-4edaa11dda46",
						"exec": [
							"var moment = require('moment');",
							"",
							"pm.sendRequest({",
							"    url: 'http://localhost:9898/greenhousestories.json', ",
							"    method: 'GET',",
							"    }, function (err, res) {",
							"        res.json().forEach((story, index) => {",
							"            var products = pm.environment.get('idForStories').filter(product => product.story === story.story).map((p) => {",
							"                return {id: p.id};",
							"                });",
							"                ",
							"            var requestBody = {",
							"                previewUrl: story.previewUrl,",
							"                subtitle: story.subtitle,",
							"                publishDate: moment().subtract(_.random(1,5), 'days'),",
							"                countDownDate: moment().subtract(_.random(6, 10), 'days'),",
							"                backgroundColor: _.sample(['#F2F4F2', '#D7D89F', '#AFB5C3', '#D2B8C3', '#EE9A2D', '#FEF9E7', '#EEC333']),",
							"                expireDate: moment().add(_.random(230, 260), 'days'),",
							"                title: story.title,",
							"                tag: 'V0.1.0',",
							"                theme: story.theme ? story.theme : _.sample(['light', 'dark']),",
							"                type: 'story',",
							"                isPublished: true,",
							"                imageUrl: story.imageUrl,",
							"                createdby: 'sraddhan.shah@ascendum.com',",
							"                updatedby: 'sraddhan.shah@ascendum.com',",
							"                elements: story.elements,",
							"                products: products,",
							"                preview: {",
							"                    type: '1',",
							"                    url: '1',",
							"                    themecolor: '1',",
							"                    accessibility: '1',",
							"                    tag: 'V0.1.0'",
							"                }",
							"            };",
							"            // console.log(requestBody);",
							"            setTimeout(() => {",
							"                pm.sendRequest({",
							"                    url: 'https://' + pm.environment.get('host') + '/content/authoring/stories', ",
							"                    method: 'POST',",
							"                    header: {",
							"                        'Accept': 'application/json',",
							"                    },",
							"                    body: {",
							"                        mode: 'raw',",
							"                        raw: JSON.stringify(requestBody)",
							"                    }",
							"                }, function (err, res) {",
							"                    // console.log(err ? err : res.json());",
							"                });",
							"            }, 1000 * index);",
							"            // pm.environment.unset('idForStories');",
							"        });",
							"        ",
							"    });"
						],
						"type": "text/javascript"
					}
				}
			],
			"request": {
				"method": "GET",
				"header": [
					{
						"key": "Accept",
						"value": "application/json"
					},
					{
						"key": "Content-Type",
						"value": "application/json",
						"disabled": true
					}
				],
				"url": {
					"raw": "https://{{host}}/api/stories?status=published&page=0&size=10",
					"protocol": "https",
					"host": [
						"{{host}}"
					],
					"path": [
						"api",
						"stories"
					],
					"query": [
						{
							"key": "status",
							"value": "published"
						},
						{
							"key": "page",
							"value": "0"
						},
						{
							"key": "size",
							"value": "10"
						}
					]
				}
			},
			"response": []
		}
	]
}