{
	"info": {
		"_postman_id": "dd348b7a-09fa-406f-b96b-803ca3fdbbca",
		"name": "Greenhouse V1.0.0",
		"schema": "https://schema.getpostman.com/json/collection/v2.1.0/collection.json"
	},
	"item": [
		{
			"name": "Products",
			"item": [
				{
					"name": "GetProduct (single product)",
					"request": {
						"method": "GET",
						"header": [
							{
								"key": "Accept",
								"value": "application/json"
							},
							{
								"key": "Content-Type",
								"value": "application/json",
								"disabled": true
							}
						],
						"url": {
							"raw": "https://{{host}}/api/products/a5b91905-5901-40e0-bd2e-6ba6f8cea1b6",
							"protocol": "https",
							"host": [
								"{{host}}"
							],
							"path": [
								"api",
								"products",
								"a5b91905-5901-40e0-bd2e-6ba6f8cea1b6"
							]
						}
					},
					"response": []
				},
				{
					"name": "GetPagedProducts soldout",
					"request": {
						"method": "GET",
						"header": [
							{
								"key": "Accept",
								"value": "application/json"
							},
							{
								"key": "Content-Type",
								"value": "application/json",
								"disabled": true
							}
						],
						"url": {
							"raw": "https://{{host}}/api/products?status=soldout&page=0&size=10",
							"protocol": "https",
							"host": [
								"{{host}}"
							],
							"path": [
								"api",
								"products"
							],
							"query": [
								{
									"key": "status",
									"value": "soldout"
								},
								{
									"key": "page",
									"value": "0"
								},
								{
									"key": "size",
									"value": "10"
								}
							]
						}
					},
					"response": []
				},
				{
					"name": "GetPagedProducts publishedAvailable",
					"request": {
						"method": "GET",
						"header": [
							{
								"key": "Accept",
								"value": "application/json"
							},
							{
								"key": "Content-Type",
								"value": "application/json",
								"disabled": true
							}
						],
						"url": {
							"raw": "https://{{host}}/api/products?status=publishedAvailable&page=0&size=10",
							"protocol": "https",
							"host": [
								"{{host}}"
							],
							"path": [
								"api",
								"products"
							],
							"query": [
								{
									"key": "status",
									"value": "publishedAvailable"
								},
								{
									"key": "page",
									"value": "0"
								},
								{
									"key": "size",
									"value": "10"
								}
							]
						}
					},
					"response": []
				},
				{
					"name": "AUTHORING - CreateProduct",
					"request": {
						"method": "POST",
						"header": [
							{
								"key": "Accept",
								"value": "application/json"
							},
							{
								"key": "Content-Type",
								"value": "application/json",
								"disabled": true
							}
						],
						"body": {
							"mode": "raw",
							"raw": "\t{\r\n        \"sku\": \"AV7973-7001\",\r\n        \"cpid\": \"AV7973-7001\",\r\n        \"name\": \"Air Vapormax Flyknit 2\",\r\n        \"nickName\": \"\",\r\n        \"style\": \"Club Gold / Black-golden Biege / Total Orange\",\r\n        \"brand\": \"Nike\",\r\n        \"gender\": \"Men\",\r\n        \"category\": \"Test Category\",\r\n        \"price\": 90.0,\r\n        \"currencyType\": \"USD\",\r\n        \"launchDate\": \"2021-07-12T00:00:00Z\",\r\n        \"countDownDate\": \"2019-07-07T00:00:00Z\",\r\n        \"publishDate\": \"2019-07-11T00:00:00Z\",\r\n        \"expireDate\": \"2022-10-04T00:00:00Z\",\r\n        \"productMainImageUrl\": \"https://greenhousefileshare.z20.web.core.windows.net/KickImage-16@mdpi.png\",\r\n        \"productImageUrls\": [\r\n            \"https://greenhousefileshare.z20.web.core.windows.net/KickImage-16@mdpi.png\",\r\n            \"https://greenhousefileshare.z20.web.core.windows.net/KickImage-16@mdpi.png\"\r\n        ],\r\n        \"productStyleKey\": \"123456ABC\",\r\n        \"color\": \"Club Gold / Black-golden Biege / Total Orange\",\r\n        \"primaryColor\": \"Black\",\r\n        \"secondaryColor\": \"Club Gold\",\r\n        \"backgroundColor\": \"36F8D0\",\r\n        \"cellType\": \"Full\",\r\n        \"backgroundImageUrl\": \"\",\r\n        \"titleInApp\": \"Name\",\r\n        \"theme\": \"light\",\r\n        \"isInventoryAvailable\": true,\r\n        \"isIncludeLaunchDateInPreview\": false,\r\n        \"isPublished\": true,\r\n        \"isBrandDisplayedInApp\": true,\r\n        \"isGenderDisplayedInApp\": false,\r\n        \"isCategoryDisplayedInApp\": true,\r\n        \"isSkuDisplayedInApp\": false,\r\n        \"shareProductURL\": \"http://greenhouse-web-portal.websites.net/api/product/49652f74-f618-4532-a97e-399bfe8f4a7c\",\r\n        \"description\": \"lorem ipsum\",\r\n        \"sellableUnits\": [\r\n            {\r\n                \"id\": \"dd8e4cb2-c35d-44cd-9aed-c4ce8a727b7f\",\r\n                \"sellableUnitId\": \"41fd73b0-1974-4052-83f1-a4926a9d2fd5\",\r\n                \"size\": \"M\",\r\n                \"tag\": \"V1.0.0\"\r\n            },\r\n            {\r\n                \"id\": \"8f07dda2-37fb-4832-bc46-fc1915be091f\",\r\n                \"sellableUnitId\": \"4bf10d65-95a6-4d33-be58-2b1991a76a52\",\r\n                \"size\": \"XL\",\r\n                \"priceOverride\": 999.99,\r\n                \"tag\": \"V1.0.0\"\r\n            }\r\n        ],\r\n        \"type\": \"product\",\r\n        \"createdBy\": \"shah@ascendum.com\",\r\n        \"updatedBy\": \"shah@ascendum.com\"\r\n    }"
						},
						"url": {
							"raw": "https://{{host}}/api/authoring/products",
							"protocol": "https",
							"host": [
								"{{host}}"
							],
							"path": [
								"api",
								"authoring",
								"products"
							]
						}
					},
					"response": []
				},
				{
					"name": "AUTHORING - UpdateProduct",
					"request": {
						"method": "PUT",
						"header": [
							{
								"key": "Accept",
								"value": "application/json"
							},
							{
								"key": "Content-Type",
								"value": "application/json",
								"disabled": true
							}
						],
						"body": {
							"mode": "raw",
							"raw": "{\r\n    \"id\": \"0051be58-b764-429a-95ee-b59c3147cbda\",\r\n    \"sku\": \"AV7973-7001\",\r\n    \"cpid\": \"AV7973-7001\",\r\n    \"name\": \"Air Vapormax Flyknit 2\",\r\n    \"nickName\": \"\",\r\n    \"style\": \"Club Gold / Black-golden Biege / Total Orange\",\r\n    \"brand\": \"Nike\",\r\n    \"gender\": \"Men\",\r\n    \"category\": \"Test Category\",\r\n    \"price\": 90.01,\r\n    \"currencyType\": \"USD\",\r\n    \"launchDate\": \"2021-07-12T00:00:00Z\",\r\n    \"countDownDate\": \"2019-07-07T00:00:00Z\",\r\n    \"publishDate\": \"2019-07-11T00:00:00Z\",\r\n    \"expireDate\": \"2022-10-04T00:00:00Z\",\r\n    \"productMainImageUrl\": \"https://greenhousefileshare.z20.web.core.windows.net/KickImage-16@mdpi.png\",\r\n    \"productImageUrls\": [\r\n        \"https://greenhousefileshare.z20.web.core.windows.net/KickImage-16@mdpi.png\",\r\n        \"https://greenhousefileshare.z20.web.core.windows.net/KickImage-16@mdpi.png\"\r\n    ],\r\n    \"productStyleKey\": \"123456ABC\",\r\n    \"color\": \"Club Gold / Black-golden Biege / Total Orange\",\r\n    \"primaryColor\": \"White\",\r\n    \"secondaryColor\": \"Club Gold\",\r\n    \"backgroundColor\": \"36F8D0\",\r\n    \"cellType\": \"Full\",\r\n    \"backgroundImageUrl\": \"\",\r\n    \"titleInApp\": \"Name\",\r\n    \"theme\": \"dark\",\r\n    \"isInventoryAvailable\": true,\r\n    \"isIncludeLaunchDateInPreview\": false,\r\n    \"isPublished\": true,\r\n    \"isBrandDisplayedInApp\": true,\r\n    \"isGenderDisplayedInApp\": false,\r\n    \"isCategoryDisplayedInApp\": true,\r\n    \"isSkuDisplayedInApp\": false,\r\n    \"shareProductURL\": \"http://greenhouse-web-portal.websites.net/api/product/49652f74-f618-4532-a97e-399bfe8f4a7c\",\r\n    \"description\": \"lorem ipsum\",\r\n    \"sellableUnits\": [\r\n        {\r\n            \"id\": \"dd8e4cb2-c35d-44cd-9aed-c4ce8a727b7f\",\r\n            \"sellableUnitId\": \"41fd73b0-1974-4052-83f1-a4926a9d2fd5\",\r\n            \"size\": \"M\",\r\n            \"tag\": \"V1.0.0\"\r\n        },\r\n        {\r\n            \"id\": \"8f07dda2-37fb-4832-bc46-fc1915be091f\",\r\n            \"sellableUnitId\": \"4bf10d65-95a6-4d33-be58-2b1991a76a52\",\r\n            \"size\": \"XL\",\r\n            \"priceOverride\": 999.99,\r\n            \"tag\": \"V1.0.0\"\r\n        }\r\n    ],\r\n    \"type\": \"product\",\r\n    \"createdBy\": \"shah@ascendum.com\",\r\n    \"updatedBy\": \"shah@ascendum.com\"\r\n}"
						},
						"url": {
							"raw": "https://{{host}}/api/authoring/products/0051be58-b764-429a-95ee-b59c3147cbda",
							"protocol": "https",
							"host": [
								"{{host}}"
							],
							"path": [
								"api",
								"authoring",
								"products",
								"0051be58-b764-429a-95ee-b59c3147cbda"
							]
						}
					},
					"response": []
				},
				{
					"name": "AUTHORING - GetPagedProducts unpublished",
					"request": {
						"method": "GET",
						"header": [
							{
								"key": "Accept",
								"value": "application/json"
							},
							{
								"key": "Content-Type",
								"value": "application/json",
								"disabled": true
							}
						],
						"url": {
							"raw": "https://{{host}}/api/authoring/products?status=authoringUnpublished&page=0&size=10",
							"protocol": "https",
							"host": [
								"{{host}}"
							],
							"path": [
								"api",
								"authoring",
								"products"
							],
							"query": [
								{
									"key": "status",
									"value": "authoringUnpublished"
								},
								{
									"key": "page",
									"value": "0"
								},
								{
									"key": "size",
									"value": "10"
								}
							]
						}
					},
					"response": []
				},
				{
					"name": "AUTHORING - GetPagedProducts published",
					"request": {
						"method": "GET",
						"header": [
							{
								"key": "Accept",
								"value": "application/json"
							},
							{
								"key": "Content-Type",
								"value": "application/json",
								"disabled": true
							}
						],
						"url": {
							"raw": "https://{{host}}/api/authoring/products?status=authoringPublished&page=0&size=10",
							"protocol": "https",
							"host": [
								"{{host}}"
							],
							"path": [
								"api",
								"authoring",
								"products"
							],
							"query": [
								{
									"key": "status",
									"value": "authoringPublished"
								},
								{
									"key": "page",
									"value": "0"
								},
								{
									"key": "size",
									"value": "10"
								}
							]
						}
					},
					"response": []
				},
				{
					"name": "AUTHORING - GetPagedProducts all",
					"request": {
						"method": "GET",
						"header": [
							{
								"key": "Accept",
								"value": "application/json"
							},
							{
								"key": "Content-Type",
								"value": "application/json",
								"disabled": true
							}
						],
						"url": {
							"raw": "https://{{host}}/api/authoring/products?status=authoringall&page=1&size=10",
							"protocol": "https",
							"host": [
								"{{host}}"
							],
							"path": [
								"api",
								"authoring",
								"products"
							],
							"query": [
								{
									"key": "status",
									"value": "authoringall"
								},
								{
									"key": "page",
									"value": "1"
								},
								{
									"key": "size",
									"value": "10"
								}
							]
						}
					},
					"response": []
				},
				{
					"name": "AUTHORING - GetPagedProducts expired",
					"request": {
						"method": "GET",
						"header": [
							{
								"key": "Accept",
								"value": "application/json"
							},
							{
								"key": "Content-Type",
								"value": "application/json",
								"disabled": true
							}
						],
						"url": {
							"raw": "https://{{host}}/api/authoring/products?status=authoringExpired&page=0&size=10",
							"protocol": "https",
							"host": [
								"{{host}}"
							],
							"path": [
								"api",
								"authoring",
								"products"
							],
							"query": [
								{
									"key": "status",
									"value": "authoringExpired"
								},
								{
									"key": "page",
									"value": "0"
								},
								{
									"key": "size",
									"value": "10"
								}
							]
						}
					},
					"response": []
				}
			]
		},
		{
			"name": "Stories",
			"item": [
				{
					"name": "GetStory",
					"request": {
						"method": "GET",
						"header": [
							{
								"key": "Accept",
								"value": "application/json"
							},
							{
								"key": "Content-Type",
								"value": "application/json",
								"disabled": true
							}
						],
						"url": {
							"raw": "http://{{host}}/api/stories/e8d3645f-1a76-45d1-8c85-1d2df0313276",
							"protocol": "http",
							"host": [
								"{{host}}"
							],
							"path": [
								"api",
								"stories",
								"e8d3645f-1a76-45d1-8c85-1d2df0313276"
							]
						}
					},
					"response": []
				},
				{
					"name": "GetPagedStories published",
					"request": {
						"method": "GET",
						"header": [
							{
								"key": "Accept",
								"value": "application/json"
							},
							{
								"key": "Content-Type",
								"value": "application/json",
								"disabled": true
							}
						],
						"url": {
							"raw": "https://{{host}}/api/stories?status=published&page=0&size=10",
							"protocol": "https",
							"host": [
								"{{host}}"
							],
							"path": [
								"api",
								"stories"
							],
							"query": [
								{
									"key": "status",
									"value": "published"
								},
								{
									"key": "page",
									"value": "0"
								},
								{
									"key": "size",
									"value": "10"
								}
							]
						}
					},
					"response": []
				},
				{
					"name": "AUTHORING - CreateStory",
					"request": {
						"method": "POST",
						"header": [
							{
								"key": "Accept",
								"value": "application/json"
							},
							{
								"key": "Content-Type",
								"value": "application/json",
								"disabled": true
							}
						],
						"body": {
							"mode": "raw",
							"raw": "{\r\n       \r\n    \"type\": \"story\",\r\n    \"countDownDate\": \"2019-06-20T18:28:21Z\",\r\n    \"publishDate\": \"2019-06-29T18:28:21Z\",\r\n    \"expireDate\": \"2021-02-07T19:28:21Z\",\r\n    \"title\": \"Rhude SR\", \r\n    \"tag\": \"V1.0.0\",\r\n    \"subtitle\": \"Rhude SR Brings High-Fashion to Classic Sportswear\",\r\n    \"imageUrl\": \"https://greenhousefileshare.z20.web.core.windows.net/rhude_story_1.jpg\",\r\n    \"previewUrl\": \"http://www.google.com\",\r\n    \"backgroundColor\": \"#D2B8C3\",\r\n    \"theme\": \"dark\",\r\n    \"createdBy\": \"sraddhan.shah@ascendum.com\",\r\n    \"updatedBy\": \"sraddhan.shah@ascendum.com\",\r\n    \"shareStoryURL\": \"http://greenhouse-web-portal.websites.net/api/story/1a00d3e3-b2ca-4582-bc1d-7540828f9691\",\r\n    \"elements\": [\r\n        {\r\n            \"id\": \"d13558c0-6e95-4a41-aa89-de8b2959c8c4\",\r\n            \"type\": \"image\",\r\n            \"tag\": \"V1.0.0\",\r\n            \"order\": \"2\",\r\n            \"caption\": \"Rhude\",\r\n            \"captionFlag\": false,\r\n            \"url\": \"https://greenhousefileshare.z20.web.core.windows.net/rhude_story_2.jpg\"\r\n        },\r\n        {\r\n            \"id\": \"ff33adbf-b4fe-4385-a05d-d094ce370649\",\r\n            \"type\": \"text\",\r\n            \"tag\": \"SR\",\r\n            \"order\": \"3\",\r\n            \"textBody\": \"Titled “Varsity,” this time around, the designer drew from an array of influences, ranging from traditional athletic pieces, vintage sportswear, collegiate apparel, and more. The eclectic styling is accented by Rhuigi’s penchant for mixing and matching unique textiles, bold distressing and distinctive silhouettes.\",\r\n            \"textStyle\": \"body\"\r\n        },\r\n        {\r\n            \"id\": \"f2eea3e6-eab9-445c-a96b-4c4982dcb323\",\r\n            \"type\": \"text\",\r\n            \"tag\": \"SR\",\r\n            \"order\": \"1\",\r\n            \"textBody\": \"L.A. based menswear designer Rhuigi Villasenor started Rhude in 2013. The brand reflects his roots as a kid, moving from the Philippines to Hong Kong then all around the states as a teen. This exposure to various cultures was actually the strongest influence when creating a brand. Rhude now combines streetwear with punk and high fashion vibes. Basic t-shirts, Track pants, and hoodies round out the core pieces of each collections. Rhude embodies a modern day-to-day look, while the creative tailoring a bold graphics add to a rebellious image. Youthful energy, U.S. based and culturally relevant the brand acts as a new energy in men's fashion.\",\r\n            \"textStyle\": \"body\"\r\n        }\r\n    ],\r\n    \"products\": [\r\n        \r\n    ],\r\n\t\"preview\": \r\n\t\t{\r\n\t\t\t\"type\": \"1\",\r\n\t\t\t\"url\": \"1\",\r\n\t\t\t\"themecolor\": \"1\",\r\n\t\t\t\"accessibility\": \"1\",\r\n\t\t\t\"tag\": \"V1.0.0\"\r\n\t  \t},\r\n    \"isPublished\": true\r\n}"
						},
						"url": {
							"raw": "https://{{host}}/api/authoring/stories",
							"protocol": "https",
							"host": [
								"{{host}}"
							],
							"path": [
								"api",
								"authoring",
								"stories"
							]
						}
					},
					"response": []
				},
				{
					"name": "AUTHORING - UpdateStory",
					"request": {
						"method": "PUT",
						"header": [
							{
								"key": "Accept",
								"value": "application/json"
							},
							{
								"key": "Content-Type",
								"value": "application/json",
								"disabled": true
							}
						],
						"body": {
							"mode": "raw",
							"raw": "{\r\n       \r\n    \"type\": \"story\",\r\n    \"countDownDate\": \"2019-06-20T18:28:21Z\",\r\n    \"publishDate\": \"2019-06-29T18:28:21Z\",\r\n    \"expireDate\": \"2021-02-07T19:28:21Z\",\r\n    \"title\": \"Rhude\", \r\n    \"tag\": \"V1.0.0\",\r\n    \"subtitle\": \"Rhude Brings High-Fashion to Classic Sportswear\",\r\n    \"imageUrl\": \"https://greenhousefileshare.z20.web.core.windows.net/rhude_story_1.jpg\",\r\n    \"previewUrl\": \"http://www.google.com\",\r\n    \"backgroundColor\": \"#D2B8C3\",\r\n    \"theme\": \"dark\",\r\n    \"createdBy\": \"sraddhan.shah@ascendum.com\",\r\n    \"updatedBy\": \"sraddhan.shah@ascendum.com\",\r\n    \"shareStoryURL\": \"http://greenhouse-web-portal.websites.net/api/story/1a00d3e3-b2ca-4582-bc1d-7540828f9691\",\r\n    \"elements\": [\r\n        {\r\n            \"id\": \"d13558c0-6e95-4a41-aa89-de8b2959c8c4\",\r\n            \"type\": \"image\",\r\n            \"tag\": \"V1.0.0\",\r\n            \"order\": \"2\",\r\n            \"caption\": \"Rhude\",\r\n            \"captionFlag\": false,\r\n            \"url\": \"https://greenhousefileshare.z20.web.core.windows.net/rhude_story_2.jpg\"\r\n        },\r\n        {\r\n            \"id\": \"ff33adbf-b4fe-4385-a05d-d094ce370649\",\r\n            \"type\": \"text\",\r\n            \"tag\": \"SR\",\r\n            \"order\": \"3\",\r\n            \"textBody\": \"Titled “Varsity,” this time around, the designer drew from an array of influences, ranging from traditional athletic pieces, vintage sportswear, collegiate apparel, and more. The eclectic styling is accented by Rhuigi’s penchant for mixing and matching unique textiles, bold distressing and distinctive silhouettes.\",\r\n            \"textStyle\": \"body\"\r\n        },\r\n        {\r\n            \"id\": \"f2eea3e6-eab9-445c-a96b-4c4982dcb323\",\r\n            \"type\": \"text\",\r\n            \"tag\": \"SR\",\r\n            \"order\": \"1\",\r\n            \"textBody\": \"L.A. based menswear designer Rhuigi Villasenor started Rhude in 2013. The brand reflects his roots as a kid, moving from the Philippines to Hong Kong then all around the states as a teen. This exposure to various cultures was actually the strongest influence when creating a brand. Rhude now combines streetwear with punk and high fashion vibes. Basic t-shirts, Track pants, and hoodies round out the core pieces of each collections. Rhude embodies a modern day-to-day look, while the creative tailoring a bold graphics add to a rebellious image. Youthful energy, U.S. based and culturally relevant the brand acts as a new energy in men's fashion.\",\r\n            \"textStyle\": \"body\"\r\n        }\r\n    ],\r\n    \"products\": [\r\n        {\"id\": \"b6b3d2ac-5ab4-421b-b68b-ecdc639279a4\"}\r\n    ],\r\n\t\"preview\": \r\n\t\t{\r\n\t\t\t\"type\": \"1\",\r\n\t\t\t\"url\": \"1\",\r\n\t\t\t\"themecolor\": \"1\",\r\n\t\t\t\"accessibility\": \"1\",\r\n\t\t\t\"tag\": \"V1.0.0\"\r\n\t  \t},\r\n    \"isPublished\": true\r\n}"
						},
						"url": {
							"raw": "https://{{host}}/api/authoring/stories/e8d3645f-1a76-45d1-8c85-1d2df0313276",
							"protocol": "https",
							"host": [
								"{{host}}"
							],
							"path": [
								"api",
								"authoring",
								"stories",
								"e8d3645f-1a76-45d1-8c85-1d2df0313276"
							]
						}
					},
					"response": []
				},
				{
					"name": "AUTHORING - GetStory",
					"request": {
						"method": "GET",
						"header": [
							{
								"key": "Accept",
								"value": "application/json"
							},
							{
								"key": "Content-Type",
								"value": "application/json",
								"disabled": true
							}
						],
						"url": {
							"raw": "https://{{host}}/api/authoring/stories/e8d3645f-1a76-45d1-8c85-1d2df0313276",
							"protocol": "https",
							"host": [
								"{{host}}"
							],
							"path": [
								"api",
								"authoring",
								"stories",
								"e8d3645f-1a76-45d1-8c85-1d2df0313276"
							]
						}
					},
					"response": []
				},
				{
					"name": "AUTHORING - GetPagedStories all",
					"request": {
						"method": "GET",
						"header": [
							{
								"key": "Accept",
								"value": "application/json"
							},
							{
								"key": "Content-Type",
								"value": "application/json",
								"disabled": true
							}
						],
						"url": {
							"raw": "https://{{host}}/api/authoring/stories?status=authoringAll&page=0&size=10",
							"protocol": "https",
							"host": [
								"{{host}}"
							],
							"path": [
								"api",
								"authoring",
								"stories"
							],
							"query": [
								{
									"key": "status",
									"value": "authoringAll"
								},
								{
									"key": "page",
									"value": "0"
								},
								{
									"key": "size",
									"value": "10"
								}
							]
						}
					},
					"response": []
				},
				{
					"name": "AUTHORING - GetPagedStories published",
					"request": {
						"method": "GET",
						"header": [
							{
								"key": "Accept",
								"value": "application/json"
							},
							{
								"key": "Content-Type",
								"value": "application/json",
								"disabled": true
							}
						],
						"url": {
							"raw": "https://{{host}}/api/authoring/stories?status=authoringPublished&page=0&size=10",
							"protocol": "https",
							"host": [
								"{{host}}"
							],
							"path": [
								"api",
								"authoring",
								"stories"
							],
							"query": [
								{
									"key": "status",
									"value": "authoringPublished"
								},
								{
									"key": "page",
									"value": "0"
								},
								{
									"key": "size",
									"value": "10"
								}
							]
						}
					},
					"response": []
				},
				{
					"name": "AUTHORING - GetPagedStories unpublished",
					"request": {
						"method": "GET",
						"header": [
							{
								"key": "Accept",
								"value": "application/json"
							},
							{
								"key": "Content-Type",
								"value": "application/json",
								"disabled": true
							}
						],
						"url": {
							"raw": "https://{{host}}/api/authoring/stories?status=authoringUnpublished&page=0&size=10",
							"protocol": "https",
							"host": [
								"{{host}}"
							],
							"path": [
								"api",
								"authoring",
								"stories"
							],
							"query": [
								{
									"key": "status",
									"value": "authoringUnpublished"
								},
								{
									"key": "page",
									"value": "0"
								},
								{
									"key": "size",
									"value": "10"
								}
							]
						}
					},
					"response": []
				},
				{
					"name": "AUTHORING - GetPagedStories expired",
					"request": {
						"method": "GET",
						"header": [
							{
								"key": "Accept",
								"value": "application/json"
							},
							{
								"key": "Content-Type",
								"value": "application/json",
								"disabled": true
							}
						],
						"url": {
							"raw": "https://{{host}}/api/authoring/stories?status=authoringExpired&page=0&size=10",
							"protocol": "https",
							"host": [
								"{{host}}"
							],
							"path": [
								"api",
								"authoring",
								"stories"
							],
							"query": [
								{
									"key": "status",
									"value": "authoringExpired"
								},
								{
									"key": "page",
									"value": "0"
								},
								{
									"key": "size",
									"value": "10"
								}
							]
						}
					},
					"response": []
				}
			]
		}
	]
}