{
	"id": "c0ff5804-3d2d-4506-a0ad-f7fd9b4e1ad0",
	"name": "greenhouse-prod",
	"values": [
		{
			"key": "host",
			"value": "greenhouse-prod-functionapp.azurewebsites.net",
			"enabled": true
		},
		{
			"key": "x-functions-key",
			"value": "CDQShL/HTglkJrbEKey3n9O3PvFRlqd8e8qyH697MLA6ig/rx6VkQA==",
			"enabled": true
		},
		{
			"key": "idForStories",
			"value": [],
			"enabled": true
		}
	],
	"_postman_variable_scope": "environment",
	"_postman_exported_at": "2019-06-11T16:14:56.555Z",
	"_postman_exported_using": "Postman/7.1.1-canary06"
}