[
  {
    "story": "Alife",
    "previewUrl": "http://www.google.com",
    "subtitle": "Greenhouse will tap Alife for its inaugural collection for Project 366. Project 366 is an ongoing platform that identifies, supports, and mentors the next generation of unheralded creators.",
    "title": "Project 366: Alife Turns Young Gun’s Dream Into Reality",
    "imageUrl": "https://greenhousefileshare.z20.web.core.windows.net/alife_story_1.jpg",
    "elements": [
      {
        "type": "text",
        "tag": "SR",
        "TextBody": "19 years ago, New York City’s Alife was amongst the pioneers of the now piloting wave, creating clothes and forward-thinking product, curating a creative clubhouse with their artist and photographer friends in mind who ranged from ESPO to KAWS, and setting the benchmark for co-branded projects with upper tier partners. The shop on Orchard Street served as a meeting place for creatives with the brand expanding locations and launching their own footwear and clothing lines, as well as operating as a consulting agency.",
        "TextStyle": "body",
        "order": "1"
      },
      {
        "type": "image",
        "url": "https://greenhousefileshare.z20.web.core.windows.net/alife_story_2.png",
        "captionFlag": "false",
        "caption": "Alife",
        "order": "2",
        "tag": "V0.1.0"
      },
      {
        "type": "text",
        "tag": "SR",
        "TextBody": "Fast forward to today, and the space that in many ways could claim ‘first’ to a tangent of trends and range of releases that dominate the digital era are still very much in the game. The heritage streetwear brand is reentering the market with a vengeance thanks to Treis Hill, partner and GM of Alife who has been with the brand since 2005.",
        "TextStyle": "body",
        "order": "3"
      },
      {
        "type": "image",
        "url": "https://greenhousefileshare.z20.web.core.windows.net/alife_story_3.jpg",
        "captionFlag": "false",
        "caption": "Alife",
        "order": "4",
        "tag": "V0.1.0"
      }
    ]
  },
  {
    "story": "Rhude",
    "previewUrl": "http://www.google.com",
    "subtitle": "Rhude Brings High-Fashion to Classic Sportswear",
    "title": "Rhude",
    "imageUrl": "https://greenhousefileshare.z20.web.core.windows.net/rhude_story_1.jpg",
    "elements": [
      {
        "type": "text",
        "tag": "SR",
        "TextBody": "L.A. based menswear designer Rhuigi Villasenor started Rhude in 2013. The brand reflects his roots as a kid, moving from the Philippines to Hong Kong then all around the states as a teen. This exposure to various cultures was actually the strongest influence when creating a brand. Rhude now combines streetwear with punk and high fashion vibes. Basic t-shirts, Track pants, and hoodies round out the core pieces of each collections. Rhude embodies a modern day-to-day look, while the creative tailoring a bold graphics add to a rebellious image. Youthful energy, U.S. based and culturally relevant the brand acts as a new energy in men's fashion.",
        "TextStyle": "body",
        "order": "1"
      },
      {
        "type": "image",
        "url": "https://greenhousefileshare.z20.web.core.windows.net/rhude_story_2.jpg",
        "captionFlag": "false",
        "caption": "Rhude",
        "order": "2",
        "tag": "V0.1.0"
      },
      {
        "type": "text",
        "tag": "SR",
        "TextBody": "Titled “Varsity,” this time around, the designer drew from an array of influences, ranging from traditional athletic pieces, vintage sportswear, collegiate apparel, and more. The eclectic styling is accented by Rhuigi’s penchant for mixing and matching unique textiles, bold distressing and distinctive silhouettes.",
        "TextStyle": "body",
        "order": "3"
      }
    ]
  },
  {
    "story": "Fila",
    "previewUrl": "http://www.google.com",
    "subtitle": "FILA Serves Up a Stunning New Capsule Just in Time for the U.S. Open",
    "title": "FILA",
    "imageUrl": "https://greenhousefileshare.z20.web.core.windows.net/fila_story_1.jpg",
    "elements": [
      {
        "type": "text",
        "tag": "SR",
        "TextBody": "FILA will debut two colorful collections on court in Indian Wells. The men’s Heritage and women’s Acqua Sole collections, which feature modern twists on classic FILA tennis styles, will be worn by FILA sponsored athletes such as Marin Cilic, Karolina Pliskova, Ashleigh Barty, Kiki Bertens and Diego Schwartzman. These collections, along with new colorways of FILA’s top performance tennis shoe, the Axilus 2 Energized, will be unveiled at the BNP Paribas Open.",
        "TextStyle": "body",
        "order": "1"
      },
      {
        "type": "text",
        "tag": "SR",
        "TextBody": "FILA’s Men’s Heritage collection is truly timeless, featuring the brand’s classic red, white and navy infused with a bright green and blue. Texture-effect stripes and tone-on-tone pairings serve up a handsome combination of mesh and pique while FILA’s signature stripe tape enhances criss-crossing crewnecks, jackets and tees. This fabric found in this collection offers 50+ UV protection as well as moisture wicking, breathable and anti-odor properties.",
        "TextStyle": "body",
        "order": "2"
      },
      {
        "type": "text",
        "tag": "SR",
        "TextBody": "FILA’s Women’s Acqua Sole collection features bold seaside hues, abstract geometric print and mesh panels. The collection boasts halter-inspired lines and curved seams, making it feminine and flattering. Collection standouts include princess-seamed dresses, a sleeveless polo and a selection of tanks. The collection’s moisture wicking, breathable fabric coupled with the 50+ UV protection insures the wearer’s comfort.",
        "TextStyle": "body",
        "order": "3"
      }
    ]
  },
  {
    "story": "Salomon",
    "previewUrl": "http://www.google.com",
    "subtitle": "Salomon and BBS Team Up to Remaster Outdoor Style",
    "title": "Salomon",
    "imageUrl": "https://greenhousefileshare.z20.web.core.windows.net/salomon_story_1.jpg",
    "elements": [
      {
        "type": "text",
        "tag": "SR",
        "TextBody": "Salomon’s path from the trail to the runway is relatively easy to trace. The brand was founded in 1947, when the Salomon family opened a ski edge workshop in Annecy, France, a small town in the Alps. In the ensuing decades, Salomon became a leading manufacturer of alpine and nordic skis, bindings, and boots. In the ’90s, the brand expanded into hiking, and in the 2000s became a leading trail running label, introducing shoes like the Speedcross, which, in certain colorways, looks like a cross between an Air Max and an aqua sock.",
        "TextStyle": "body",
        "order": "1"
      },
      {
        "type": "image",
        "url": "https://greenhousefileshare.z20.web.core.windows.net/salomon_story_2.jpg",
        "captionFlag": "false",
        "caption": "Salomon",
        "order": "2",
        "tag": "V0.1.0"
      },
      {
        "type": "text",
        "tag": "SR",
        "TextBody": "A follow-up to the seasonal collaboration, Boris Bidjan Saberi‘s 11 rejoins Salomon for a duo of special, painted sneakers, in addition to a robust apparel capsule. Each shoe boasts a conventional upper, juxtaposed against a painted portion.",
        "TextStyle": "body",
        "order": "3"
      },
      {
        "type": "image",
        "url": "https://greenhousefileshare.z20.web.core.windows.net/salomon_story_3.jpg",
        "captionFlag": "false",
        "caption": "Salomon",
        "order": "4",
        "tag": "V0.1.0"
      }
    ]
  },
  {
    "story": "Titles",
    "previewUrl": "http://www.google.com",
    "subtitle": "Michelle Wie and Wutangchiang Put a Spin on Golf With a Lively Capsule",
    "title": "Titles",
    "imageUrl": "https://greenhousefileshare.z20.web.core.windows.net/titles_story_1.jpg",
    "elements": [
      {
        "type": "text",
        "tag": "SR",
        "TextBody": "Michelle Wie and Wutangchiang join forces on a breathtaking golf capsule for the first collection out of Greenhouse Titles.  Titles is a platform that commemorates and showcases female creators and athletes to truly reinvigorate sportswear without barriers. On top of being one of the most supremely talented golfers of her generation, Michelle Wie has been one of the most consistently on-trend players on the LPGA Tour since the start of her career. She’s not afraid to take risks with her apparel, have fun with her style and always look flawless despite having to navigate injuries and dress-code regulations along the way.",
        "TextStyle": "body",
        "order": "1"
      },
      {
        "type": "image",
        "url": "https://greenhousefileshare.z20.web.core.windows.net/titles_story_2.jpg",
        "captionFlag": "false",
        "caption": "Titles",
        "order": "2",
        "tag": "V0.1.0"
      }
    ]
  }
    
]