[
    {
		"skuLaunchDate": "Mar 05 2019 15:00:00 GMT+0000",
		"id": "42842701",
        "brandName": "Alife",
        "category": "Shoe",
		"name": "Alife x Crocs Collaboration",
		"pdpLink": "/product/Nike-Air-Vapormax-Flyknit-2---Men-s/42842701.html",
		"image": [
            "https://greenhousefileshare.z20.web.core.windows.net/alife_product_1.jpg"
        ],
        "backgroundColor": "ffffff",
		"style": "White/Gray",
		"price": 600.99,
		"skuPDPLaunchDate": "Mar 04 2019 15:00:00 GMT+0000",
        "skuLaunchDateCST": "Mar 05 2019 09:00:00",
        "gender": "Male",
        "description": "Following joint efforts with the likes of Umbro and Riess ceramics, New York streetwear stalwart Alife returns to the spotlight with a trio of collaborative Crocs.",
        "story": "Alife"
    },
    {
		"skuLaunchDate": "Mar 05 2019 15:00:00 GMT+0000",
		"id": "42842702",
        "brandName": "Alife",
        "category": "Shirt",
		"name": "Alife Global Tee",
		"pdpLink": "/product/Nike-Air-Vapormax-Flyknit-2---Men-s/42842701.html",
		"image": [
            "https://greenhousefileshare.z20.web.core.windows.net/alife_product_2.jpg"
        ],
        "backgroundColor": "ffffff",
		"style": "Black",
		"price": 42.99,
		"skuPDPLaunchDate": "Mar 04 2019 15:00:00 GMT+0000",
        "skuLaunchDateCST": "Mar 05 2019 09:00:00",
        "gender": "Male",
        "description": "100% Ringspun Cotton. 6.1 oz, pre-shrunk. Made in USA",
        "story": "Alife"
    },
    {
		"skuLaunchDate": "Mar 05 2019 15:00:00 GMT+0000",
		"id": "11117411",
        "brandName": "Fila",
        "category": "Shoe",
		"name": "Fila Disruptor 2",
		"pdpLink": "/product/Nike-Air-Vapormax-Flyknit-2---Men-s/42842701.html",
		"image": [
            "https://greenhousefileshare.z20.web.core.windows.net/fila_product_1.jpeg"
        ],
        "backgroundColor": "ffffff",
		"style": "White",
		"price": 64.99,
		"skuPDPLaunchDate": "Mar 04 2019 15:00:00 GMT+0000",
        "skuLaunchDateCST": "Mar 05 2019 09:00:00",
        "gender": "Female",
        "description": "The FILA Disruptor II is one of the most popular sneakers in the brand’s long line of trendy footwear, but the story is much more than just hopping on the latest trend. The world renowned sportswear brand began in 1911 as a small shop in Coggiola, Italy. Two brothers, Giansevero and Fratelli Fila, made a name for themselves throughout Italy making knitwear for the people of the Italian Alps. They eventually formed the brand that has become FILA as we know it today. When FILA ventured into sportswear and began outfitting tennis stars like Bjorn Borg in the late 1970s, the brand quickly became recognized worldwide. Basketball stars like Grant Hill carried the brand on the basketball court through the ‘90s, while the hip-hop community made the red, white, and navy blue logo a mainstay on your favorite MTV show. It was around this time that FILA’s street swag would reach an all-time high.",
        "story": "Fila"
    },
    {
		"skuLaunchDate": "Mar 05 2019 15:00:00 GMT+0000",
		"id": "11117410",
        "brandName": "Fila",
        "category": "Dress",
		"name": "Fila Roslyn Dress",
		"pdpLink": "/product/Nike-Air-Vapormax-Flyknit-2---Men-s/42842701.html",
		"image": [
            "https://greenhousefileshare.z20.web.core.windows.net/fila_product_2.jpg"
        ],
        "backgroundColor": "ffffff",
		"style": "Peacoat/Chinese Red/White",
		"price": 65.99,
		"skuPDPLaunchDate": "Mar 04 2019 15:00:00 GMT+0000",
        "skuLaunchDateCST": "Mar 05 2019 09:00:00",
        "gender": "Female",
        "description": "Show off sleek, sporty style with the Roslyn Dress from FILA.",
        "story": "Fila"
    },
    {
		"skuLaunchDate": "Mar 05 2019 15:00:00 GMT+0000",
		"id": "11117418",
        "brandName": "Fila",
        "category": "Jacket",
		"name": "Fila Jacket",
		"pdpLink": "/product/Nike-Air-Vapormax-Flyknit-2---Men-s/42842701.html",
		"image": [
            "https://greenhousefileshare.z20.web.core.windows.net/fila_product_3.jpg"
        ],
        "backgroundColor": "ffffff",
		"style": "Blue/White",
		"price": 65.99,
		"skuPDPLaunchDate": "Mar 04 2019 15:00:00 GMT+0000",
        "skuLaunchDateCST": "Mar 05 2019 09:00:00",
        "gender": "Female",
        "description": "All natural materials",
        "story": "Fila"
    },
    {
		"skuLaunchDate": "Mar 05 2019 15:00:00 GMT+0000",
		"id": "11117413",
        "brandName": "Rhude",
        "category": "Jacket",
		"name": "Rhaider Raglan Satin Jacket",
		"pdpLink": "/product/Nike-Air-Vapormax-Flyknit-2---Men-s/42842701.html",
		"image": [
            "https://greenhousefileshare.z20.web.core.windows.net/rhude_product_1.jpg"
        ],
        "backgroundColor": "ee9a2d",
		"style": "Green",
		"price": 1182.99,
		"skuPDPLaunchDate": "Mar 04 2019 15:00:00 GMT+0000",
        "skuLaunchDateCST": "Mar 05 2019 09:00:00",
        "gender": "Female",
        "description": "100% Poly Satin. Dry Clean Only.",
        "story": "Rhude"
    },
    {
		"skuLaunchDate": "Mar 05 2019 15:00:00 GMT+0000",
		"id": "11117412",
        "brandName": "Rhude",
        "category": "Pants",
		"name": "Pinstripe Pants",
		"pdpLink": "/product/Nike-Air-Vapormax-Flyknit-2---Men-s/42842701.html",
		"image": [
            "https://greenhousefileshare.z20.web.core.windows.net/rhude_product_2.jpg"
        ],
        "backgroundColor": "ffffff",
		"style": "Grey",
		"price": 793.99,
		"skuPDPLaunchDate": "Mar 04 2019 15:00:00 GMT+0000",
        "skuLaunchDateCST": "Mar 05 2019 09:00:00",
        "gender": "Male",
        "description": "100% Polyester",
        "story": "Rhude"
    },
    {
		"skuLaunchDate": "Mar 05 2019 15:00:00 GMT+0000",
		"id": "11117412",
        "brandName": "Salomon",
        "category": "Shoes",
		"name": "11 by Boris Bidjan Saberi",
		"pdpLink": "/product/Nike-Air-Vapormax-Flyknit-2---Men-s/42842701.html",
		"image": [
            "https://greenhousefileshare.z20.web.core.windows.net/salomon_product_1.jpg"
        ],
        "backgroundColor": "ffffff",
		"style": "Gold",
		"price": 849.99,
		"skuPDPLaunchDate": "Mar 04 2019 15:00:00 GMT+0000",
        "skuLaunchDateCST": "Mar 05 2019 09:00:00",
        "gender": "Male",
        "description": "With the genetic legacy of Boris Bidjan Saberi, 11 was born with it's own soul. Aiming to build a full wardrobe covering the 24/7 life needs. Developing personal silhouettes made by a challenging pattern work. A continuous experimentation with graphical applications and techniques, a thorough research in fabrics and treatments. The product is polished season after season, paying accurate attention on every detail to reach our own highest standards.",
        "story": "Salomon"
    },
    {
		"skuLaunchDate": "Mar 05 2019 15:00:00 GMT+0000",
		"id": "11117412",
        "brandName": "Salomon",
        "category": "Jacket",
		"name": "11 by Boris Bidjan Saberi",
		"pdpLink": "/product/Nike-Air-Vapormax-Flyknit-2---Men-s/42842701.html",
		"image": [
            "https://greenhousefileshare.z20.web.core.windows.net/salomon_product_2.png"
        ],
        "backgroundColor": "ffffff",
		"style": "Gold",
		"price": 1149.99,
		"skuPDPLaunchDate": "Mar 04 2019 15:00:00 GMT+0000",
        "skuLaunchDateCST": "Mar 05 2019 09:00:00",
        "gender": "Male",
        "description": "With the genetic legacy of Boris Bidjan Saberi, 11 was born with it's own soul. Aiming to build a full wardrobe covering the 24/7 life needs. Developing personal silhouettes made by a challenging pattern work. A continuous experimentation with graphical applications and techniques, a thorough research in fabrics and treatments. The product is polished season after season, paying accurate attention on every detail to reach our own highest standards.",
        "story": "Salomon"
    },
    {
		"skuLaunchDate": "Mar 05 2019 15:00:00 GMT+0000",
		"id": "11117412",
        "brandName": "Nike",
        "category": "Shoe",
		"name": "Michelle Wie and Wutangchiang",
		"pdpLink": "/product/Nike-Air-Vapormax-Flyknit-2---Men-s/42842701.html",
		"image": [
            "https://greenhousefileshare.z20.web.core.windows.net/titles_product_1.jpg",
            "https://greenhousefileshare.z20.web.core.windows.net/titles_product_2.jpg"
        ],
        "backgroundColor": "ffffff",
		"style": "Gold",
		"price": 1149.99,
		"skuPDPLaunchDate": "Mar 04 2019 15:00:00 GMT+0000",
        "skuLaunchDateCST": "Mar 05 2019 09:00:00",
        "gender": "Female",
        "description": "Michelle Wie and Wutangchiang join forces",
        "story": "Titles"
    }
]
