{
	"id": "afd873d5-a07a-4182-9ab0-43eddc88454d",
	"name": "Product-Feed-SB-Write",
	"values": [
		{
			"key": "sharedAccessPolicy",
			"value": "NA_Product_Send_Key",
			"enabled": true
		},
		{
			"key": "serviceBusKey",
			"value": "T8wsbKxl6SdoKrH+MJjb2ujJ0zWsusOVxjPVB+KEg7A=",
			"enabled": true
		},
		{
			"key": "serviceBusHost",
			"value": "fzwe-cusexp-li-dev-sbn-01.servicebus.windows.net",
			"enabled": true
		}
	],
	"_postman_variable_scope": "environment",
	"_postman_exported_at": "2019-08-13T17:27:51.575Z",
	"_postman_exported_using": "Postman/7.5.0"
}