{
	"info": {
		"_postman_id": "e6277552-2e4c-4e1d-9354-8c68c740e8e2",
		"name": "Send NA Product to service bus topic",
		"schema": "https://schema.getpostman.com/json/collection/v2.1.0/collection.json"
	},
	"item": [
		{
			"name": "Generate Service Bus Auth Token and Send Message",
			"event": [
				{
					"listen": "prerequest",
					"script": {
						"id": "3c5de2e1-8efc-4680-9d9a-a701fa1a22c0",
						"exec": [
							"var crypto = require('crypto-js');",
							"var util = require('util');",
							"var moment = require('moment');",
							"",
							"// Generate service bus auth token",
							"var uri = 'https://' + pm.environment.get('serviceBusHost');",
							"var saName = pm.environment.get('sharedAccessPolicy');",
							"var saKey = pm.environment.get('serviceBusKey');",
							"        ",
							"var encodedUri = encodeURIComponent(uri);",
							"var now = new Date();",
							"var ttl = Math.round(now.getTime() / 1000) + 60; //token expires in one minute",
							"var signature = encodedUri + '\\n' + ttl;",
							"var signatureUTF8 = signature.toString(crypto.enc.Utf8);",
							"",
							"var hash = crypto.algo.HMAC",
							"    .create(CryptoJS.algo.SHA256, saKey)",
							"    .update(signatureUTF8)",
							"    .finalize()",
							"    .toString(crypto.enc.Base64);",
							"",
							"var sharedAccessToken =  ",
							"    'SharedAccessSignature sr=' + encodedUri +",
							"    '&sig=' + encodeURIComponent(hash) +",
							"    '&se=' +ttl +",
							"    '&skn=' + saName;",
							"",
							"pm.environment.set('sharedAccessToken', sharedAccessToken);",
							"",
							"// Build request body",
							"",
							"var sku = _.random(40000000, 79999999);",
							"",
							"var productlaunchdate = moment().add(2, 'days');",
							"",
							"var requestBody = {",
							"  sku: sku,",
							"  cpid: sku,",
							"  stylewebkey:  pm.iterationData.get('stylewebkey'),",
							"  productname: pm.iterationData.get('productname'),",
							"  nickname: pm.iterationData.get('nickname'),",
							"  primarycolor: 'White',",
							"  secondarycolor: 'Multicolor',",
							"  color: pm.iterationData.get('color'),",
							"  width: pm.iterationData.get('width'),",
							"  productimage: pm.iterationData.get('productimage'),",
							"  productlaunchdate: productlaunchdate,",
							"  brand: pm.iterationData.get('brand'),",
							"  gender: pm.iterationData.get('gender'),",
							"  category: pm.iterationData.get('category'),",
							"  sizes: ['07.5','08.0','08.5','09.0','11.0','11.5','09.5','10.0','10.5','12.0','13.0'],",
							"  sellableunits: [{sellableunitid: 111111, size: '09.0' }, {sellableunitid: 111112, size: '10.0' }, {sellableunitid: 111113, size: '11.5' }],",
							"  productimages: ['J6707001_a4.png',",
							"        'J6707001_a2.png',",
							"        'J6707001_a1.png',",
							"        'J6707001_a3.png'",
							"        ],",
							"  price: _.random(75, 300),",
							"  instoreonly: _.sample([true, false]),",
							"  hiddenfromweb: _.sample([true, false]),",
							"  hiddenfrommobile: _.sample([true, false]),",
							"  brandimageurl: pm.iterationData.get('brandimageurl'),",
							"  banner: 'GreenHouse',",
							"  currencytype: 'USD',",
							"  companynumber: 27,",
							"  corporatedivision: 03,",
							"  storesku: sku",
							"};",
							"",
							"// var requestBody = {",
							"//   sku: sku,",
							"//   cpid: sku,",
							"//   productname: _.sample([pm.iterationData.get('productname'), null]),",
							"//   nickname: _.sample([pm.iterationData.get('nickname'), null]),",
							"//   primarycolor: _.sample(['White', null]),",
							"//   secondarycolor: _.sample(['Multicolor', null]),",
							"//   color: _.sample([pm.iterationData.get('color'), null]),",
							"//   width: _.sample([pm.iterationData.get('width'), null]),",
							"//   productimage: _.sample([pm.iterationData.get('productimage'), null]),",
							"//   productlaunchdate: productlaunchdate,",
							"//   addtocalendardate: addtocalendardate,",
							"//   removefromcalendardate: removefromcalendardate,",
							"//   brand: _.sample([pm.iterationData.get('brand'), null]),",
							"//   gender: _.sample([pm.iterationData.get('gender'), null]),",
							"//   category: _.sample([pm.iterationData.get('color'), null]),",
							"//   sizes: ['07.5','08.0','08.5','09.0','11.0','11.5','09.5','10.0','10.5','12.0','13.0'],",
							"//   price: _.sample([_.random(75, 300), null]),",
							"//   instoreonly: _.sample([true, false, null]),",
							"//   hiddenfromweb: _.sample([true, false, null]),",
							"//   hiddenfrommobile: _.sample([true, false, null]),",
							"//   brandimageurl: _.sample([pm.iterationData.get('brandimageurl'), null]),",
							"//   banner: _.sample(['Champs', null]),",
							"//   currencytype: _.sample(['USD', null]),",
							"//   companynumber: 20,",
							"//   corporatedivision: 18,",
							"//   storesku: sku",
							"// };",
							"",
							"// var requestBody = {",
							"//   storesku: sku.toString(),",
							"//   corporatedivision: '03'",
							"// };",
							"",
							"pm.environment.set('requestBody', JSON.stringify(requestBody));"
						],
						"type": "text/javascript"
					}
				},
				{
					"listen": "test",
					"script": {
						"id": "1dadffaf-fad1-4e94-aa81-b981991b8d24",
						"exec": [
							"pm.environment.unset('requestBody');",
							"pm.environment.unset('sharedAccessToken');"
						],
						"type": "text/javascript"
					}
				}
			],
			"request": {
				"auth": {
					"type": "noauth"
				},
				"method": "POST",
				"header": [
					{
						"key": "authorization",
						"type": "text",
						"value": "{{sharedAccessToken}}"
					},
					{
						"key": "host",
						"type": "text",
						"value": "{{serviceBusHost}}"
					},
					{
						"key": "Accept-Charset",
						"type": "text",
						"value": "UTF-8"
					},
					{
						"key": "Content-Type",
						"name": "Content-Type",
						"type": "text",
						"value": "application/json",
						"disabled": true
					}
				],
				"body": {
					"mode": "raw",
					"raw": "{{requestBody}}"
				},
				"url": {
					"raw": "https://{{serviceBusHost}}/product_updates_na/Messages?api-version=2016-07",
					"protocol": "https",
					"host": [
						"{{serviceBusHost}}"
					],
					"path": [
						"product_updates_na",
						"Messages"
					],
					"query": [
						{
							"key": "api-version",
							"value": "2016-07"
						}
					]
				}
			},
			"response": []
		}
	]
}