[{  
   "sku":"GRN-0088",
   "stylewebkey":"21699778",
   "productname":"Nike AIR7C",
   "nickname":"",
   "primarycolor":"White",
   "secondarycolor":"Multicolor",
   "color":"White/Gum/Green",
   "width":"Width - D - Medium",
   "brand":"Nike",
   "gender":"Mens",
   "category":"Shoes",
   "sellableunits":[  
      {  
         "sellableunitid":"22040231",
         "size":"07.5"
      },
      {  
         "sellableunitid":"22040252",
         "size":"08.0"
      },
      {  
         "sellableunitid":"22040273",
         "size":"08.5"
      },
      {  
         "sellableunitid":"22040274",
         "size":"09.0"
      },
      {  
         "sellableunitid":"22040305",
         "size":"11.0"
      }
   ],
   "sizes":[  
      "07.5",
      "08.0",
      "08.5",
      "09.0",
      "11.0"
   ],
   "price":"100.00",
   "brandimageurl":"https://www.footlocker.com/ns/common/fl/images/brand-logos/fl-release-calendar-logo-lrg-nike.png",
   "productimage":"https://www.footlocker.com/images/products/zoom/H8050003_z.jpg"
}]